gender,Affect,Judgement,Appreciation
f,26.400000000000002,25.4,48.199999999999996
m,21.6,28.799999999999997,49.6
